{
  "resnet50": {
    "l2": {
      "mAP": 64.27336056427299,
      "Rank-1": 88.67699432373047,
      "Rank-5": 94.63646697998047
    },
    "mahalanobis": {
      "mAP": 64.55087698486324,
      "Rank-1": 88.7365951538086,
      "Rank-5": 94.75566101074219
    },
    "delta": {
      "mAP": 0.2775164205902456,
      "Rank-1": 0.059600830078125,
      "Rank-5": 0.11919403076171875
    },
    "cov_type": "diagonal",
    "D": 2048
  },
  "vit_small": {
    "l2": {
      "mAP": 69.40594112137562,
      "Rank-1": 90.04767608642578,
      "Rank-5": 96.24553680419922
    },
    "mahalanobis": {
      "mAP": 38.43007748909937,
      "Rank-1": 83.43265533447266,
      "Rank-5": 90.5244369506836
    },
    "delta": {
      "mAP": -30.97586363227625,
      "Rank-1": -6.615020751953125,
      "Rank-5": -5.721099853515625
    },
    "cov_type": "full",
    "D": 384
  }
}