{
  "model": "resnet50",
  "checkpoint": "checkpoints/resnet50_best.pth",
  "rerank_params": {
    "k1": 20,
    "k2": 6,
    "lambda": 0.3
  },
  "without_reranking": {
    "mAP": 64.27336056427299,
    "Rank-1": 88.67699432373047,
    "Rank-5": 94.63646697998047,
    "Rank-10": 96.84147644042969,
    "Rank-20": 98.15255737304688
  },
  "with_reranking": {
    "mAP": 67.49291261791753,
    "Rank-1": 89.6305160522461,
    "Rank-5": 92.37187194824219,
    "Rank-10": 94.9940414428711,
    "Rank-20": 97.19904327392578
  }
}