{
  "model": "vit",
  "checkpoint": "checkpoints/vit_best.pth",
  "rerank_params": {
    "k1": 20,
    "k2": 6,
    "lambda": 0.3
  },
  "without_reranking": {
    "mAP": 69.40594112137562,
    "Rank-1": 90.04767608642578,
    "Rank-5": 96.24553680419922,
    "Rank-10": 97.9737777709961,
    "Rank-20": 98.92729187011719
  },
  "with_reranking": {
    "mAP": 74.49001237400766,
    "Rank-1": 91.8951187133789,
    "Rank-5": 95.11322784423828,
    "Rank-10": 96.90106964111328,
    "Rank-20": 98.5697250366211
  }
}