{
  "model_type": "vit",
  "checkpoint": "checkpoints/vit_best.pth",
  "yolo_model": "yolo11n.pt",
  "gt_crop": {
    "mAP": 69.40594112137562,
    "Rank-1": 90.04767608642578,
    "Rank-5": 96.24553680419922,
    "Rank-10": 97.9737777709961,
    "Rank-20": 98.92729187011719
  },
  "yolo_crop": {
    "mAP": 65.53771492654863,
    "Rank-1": 85.87604522705078,
    "Rank-5": 91.9547119140625,
    "Rank-10": 93.38497924804688,
    "Rank-20": 94.15971374511719
  },
  "fallback_count": 360,
  "fallback_pct": 21.454112038140643
}